{"cameraMode":{"drawMode":0,"name":"Shaded","section":"Shading Mode"},"sceneLighting":false,"audioPlay":false,"sceneViewState":{"showFog":true,"showMaterialUpdate":false,"showSkybox":true,"showFlares":true,"showImageEffects":true,"showParticleSystems":true},"in2DMode":false,"pivot":{"x":-146.5216522216797,"y":-8.76673698425293,"z":-24.60847282409668},"rotation":{"x":-0.007842866703867913,"y":0.7588436007499695,"z":-0.009082572534680367,"w":-0.6511985659599304},"size":70.91322326660156,"orthographic":false}