{"cameraMode":{"drawMode":0,"name":"Shaded","section":"Shading Mode"},"sceneLighting":false,"audioPlay":false,"sceneViewState":{"showFog":true,"showMaterialUpdate":false,"showSkybox":false,"showFlares":true,"showImageEffects":true,"showParticleSystems":true},"in2DMode":false,"pivot":{"x":0.48393696546554568,"y":-0.3719017505645752,"z":1.7141951322555543},"rotation":{"x":0.13266967236995698,"y":-0.167161762714386,"z":0.02268144302070141,"w":0.9767321944236755},"size":0.7593458890914917,"orthographic":false}