{"cameraMode":{"drawMode":0,"name":"Shaded","section":"Shading Mode"},"sceneLighting":false,"audioPlay":false,"sceneViewState":{"showFog":true,"showMaterialUpdate":false,"showSkybox":false,"showFlares":true,"showImageEffects":true,"showParticleSystems":true},"in2DMode":false,"pivot":{"x":-0.7874030470848084,"y":1.7594826221466065,"z":-1.1990232467651368},"rotation":{"x":0.0026394883170723917,"y":-0.9766885638237,"z":0.011090073734521866,"w":0.21461305022239686},"size":2.086186647415161,"orthographic":false}