{"cameraMode":{"drawMode":0,"name":"Shaded","section":"Shading Mode"},"sceneLighting":false,"audioPlay":false,"sceneViewState":{"showFog":true,"showMaterialUpdate":false,"showSkybox":false,"showFlares":true,"showImageEffects":true,"showParticleSystems":true},"in2DMode":false,"pivot":{"x":-0.6202454566955566,"y":0.6507186889648438,"z":0.5216224193572998},"rotation":{"x":0.002538073342293501,"y":0.9974715709686279,"z":-0.050915125757455829,"w":0.04971165955066681},"size":1.7630066871643067,"orthographic":false}